Segment,Customers,Avg_Recency,Avg_Frequency,Avg_Monetary,Total_Monetary
Champions,945,12.4994708994709,11.157671957671958,6077.304592592593,5743052.84
Potential Loyalist,564,84.99290780141844,5.51241134751773,2234.7282819148936,1260386.751
Others,927,101.06796116504854,1.9762675296655878,715.5353300970875,663301.251
At Risk / Lost,1075,216.54046511627908,1.1013953488372092,488.50075534883723,525138.312
Loyal Customers,479,15.69937369519833,2.964509394572025,1091.1462004175364,522659.02999999997
New Customers,311,18.144694533762056,1.2443729903536977,442.3293890675241,137564.44
Big Spenders (Infrequent),37,55.16216216216216,1.5135135135135136,1602.8454054054055,59305.28
